<?xml version="1.0" encoding="UTF-8"?>
<!--Exported from Local LabKey Server at http://localhost:8080/labkey/project/GHC/Pilot%20Study/begin.view by susanh@labkey.com on Thu Dec 08 19:00:24 PST 2016-->
<tables xmlns="http://labkey.org/data/xml">
  <table tableName="InitialSurveyRxMedName" tableDbType="TABLE">
    <columns>
      <column columnName="Key">
        <datatype>integer</datatype>
        <columnTitle>Key</columnTitle>
        <rangeURI>http://www.w3.org/2001/XMLSchema#int</rangeURI>
        <nullable>false</nullable>
        <isHidden>true</isHidden>
        <isKeyField>true</isKeyField>
        <isAutoInc>true</isAutoInc>
      </column>
      <column columnName="RxId">
        <datatype>integer</datatype>
        <columnTitle>Rx Id</columnTitle>
        <rangeURI>http://www.w3.org/2001/XMLSchema#int</rangeURI>
        <fk>
          <fkDbSchema>lists</fkDbSchema>
          <fkTable>InitialSurveyRx</fkTable>
          <fkColumnName>Key</fkColumnName>
        </fk>
      </column>
      <column columnName="MedName">
        <datatype>varchar</datatype>
        <columnTitle>Med Name</columnTitle>
        <rangeURI>http://www.w3.org/2001/XMLSchema#string</rangeURI>
        <scale>4000</scale>
      </column>
    </columns>
    <pkColumnName>Key</pkColumnName>
  </table>
  <table tableName="WeeklySurveyRx" tableDbType="TABLE">
    <titleColumn>Key</titleColumn>
    <columns>
      <column columnName="Key">
        <datatype>integer</datatype>
        <columnTitle>Key</columnTitle>
        <rangeURI>http://www.w3.org/2001/XMLSchema#int</rangeURI>
        <nullable>false</nullable>
        <isHidden>true</isHidden>
        <isKeyField>true</isKeyField>
        <isAutoInc>true</isAutoInc>
      </column>
      <column columnName="Med">
        <datatype>varchar</datatype>
        <columnTitle>Med</columnTitle>
        <description>Medication name
(for Enter information about the new prescription medication you take on the following screens)</description>
        <rangeURI>http://www.w3.org/2001/XMLSchema#string</rangeURI>
        <scale>4000</scale>
      </column>
      <column columnName="MedCondition">
        <datatype>varchar</datatype>
        <columnTitle>Med Condition</columnTitle>
        <description>What condition is this medication treating?</description>
        <rangeURI>http://www.w3.org/2001/XMLSchema#string</rangeURI>
        <scale>4000</scale>
      </column>
      <column columnName="FollowPrescription">
        <datatype>boolean</datatype>
        <columnTitle>Follow Prescription</columnTitle>
        <rangeURI>http://www.w3.org/2001/XMLSchema#boolean</rangeURI>
      </column>
      <column columnName="SurveyId">
        <datatype>integer</datatype>
        <columnTitle>Weekly Survey Id</columnTitle>
        <rangeURI>http://www.w3.org/2001/XMLSchema#int</rangeURI>
        <fk>
          <fkDbSchema>lists</fkDbSchema>
          <fkTable>WeeklySurvey</fkTable>
          <fkColumnName>Key</fkColumnName>
        </fk>
      </column>
    </columns>
    <pkColumnName>Key</pkColumnName>
  </table>
  <table tableName="InitialSurveyRxWhyDifferent" tableDbType="TABLE">
    <columns>
      <column columnName="Key">
        <datatype>integer</datatype>
        <columnTitle>Key</columnTitle>
        <rangeURI>http://www.w3.org/2001/XMLSchema#int</rangeURI>
        <nullable>false</nullable>
        <isHidden>true</isHidden>
        <isKeyField>true</isKeyField>
        <isAutoInc>true</isAutoInc>
      </column>
      <column columnName="RxId">
        <datatype>integer</datatype>
        <columnTitle>Rx Id</columnTitle>
        <rangeURI>http://www.w3.org/2001/XMLSchema#int</rangeURI>
        <fk>
          <fkDbSchema>lists</fkDbSchema>
          <fkTable>InitialSurveyRx</fkTable>
          <fkColumnName>Key</fkColumnName>
        </fk>
      </column>
      <column columnName="WhyDifferent">
        <datatype>varchar</datatype>
        <columnTitle>Why Different</columnTitle>
        <rangeURI>http://www.w3.org/2001/XMLSchema#string</rangeURI>
        <scale>4000</scale>
      </column>
    </columns>
    <pkColumnName>Key</pkColumnName>
  </table>
  <table tableName="MonthlySurveySupplementWhyStop" tableDbType="TABLE">
    <columns>
      <column columnName="Key">
        <datatype>integer</datatype>
        <columnTitle>Key</columnTitle>
        <rangeURI>http://www.w3.org/2001/XMLSchema#int</rangeURI>
        <nullable>false</nullable>
        <isHidden>true</isHidden>
        <isKeyField>true</isKeyField>
        <isAutoInc>true</isAutoInc>
      </column>
      <column columnName="WhyStop">
        <datatype>varchar</datatype>
        <columnTitle>Why Stop</columnTitle>
        <rangeURI>http://www.w3.org/2001/XMLSchema#string</rangeURI>
        <scale>4000</scale>
      </column>
      <column columnName="SupplementId">
        <datatype>integer</datatype>
        <columnTitle>Supplement Id</columnTitle>
        <rangeURI>http://www.w3.org/2001/XMLSchema#int</rangeURI>
        <fk>
          <fkDbSchema>lists</fkDbSchema>
          <fkTable>MonthlySurveySupplement</fkTable>
          <fkColumnName>Key</fkColumnName>
        </fk>
      </column>
    </columns>
    <pkColumnName>Key</pkColumnName>
  </table>
  <table tableName="MonthlySurvey" tableDbType="TABLE">
    <titleColumn>Key</titleColumn>
    <columns>
      <column columnName="Key">
        <datatype>integer</datatype>
        <columnTitle>Key</columnTitle>
        <rangeURI>http://www.w3.org/2001/XMLSchema#int</rangeURI>
        <nullable>false</nullable>
        <isHidden>true</isHidden>
        <isKeyField>true</isKeyField>
        <isAutoInc>true</isAutoInc>
      </column>
      <column columnName="ParticipantId">
        <datatype>integer</datatype>
        <columnTitle>Participant Id</columnTitle>
        <rangeURI>http://www.w3.org/2001/XMLSchema#int</rangeURI>
        <fk>
          <fkDbSchema>mobileappstudy</fkDbSchema>
          <fkTable>Participant</fkTable>
          <fkColumnName>RowId</fkColumnName>
        </fk>
      </column>
      <column columnName="ResponseId">
        <datatype>integer</datatype>
        <columnTitle>Response Id</columnTitle>
        <rangeURI>http://www.w3.org/2001/XMLSchema#int</rangeURI>
        <fk>
          <fkDbSchema>mobileappstudy</fkDbSchema>
          <fkTable>Response</fkTable>
          <fkColumnName>RowId</fkColumnName>
        </fk>
      </column>
      <column columnName="StartTime">
        <datatype>timestamp</datatype>
        <columnTitle>Start Time</columnTitle>
        <rangeURI>http://www.w3.org/2001/XMLSchema#dateTime</rangeURI>
      </column>
      <column columnName="EndTime">
        <datatype>timestamp</datatype>
        <columnTitle>End Time</columnTitle>
        <rangeURI>http://www.w3.org/2001/XMLSchema#dateTime</rangeURI>
      </column>
    </columns>
    <pkColumnName>Key</pkColumnName>
  </table>
  <table tableName="InitialSurveyRxMedCondition" tableDbType="TABLE">
    <columns>
      <column columnName="Key">
        <datatype>integer</datatype>
        <columnTitle>Key</columnTitle>
        <rangeURI>http://www.w3.org/2001/XMLSchema#int</rangeURI>
        <nullable>false</nullable>
        <isHidden>true</isHidden>
        <isKeyField>true</isKeyField>
        <isAutoInc>true</isAutoInc>
      </column>
      <column columnName="RxId">
        <datatype>integer</datatype>
        <columnTitle>Rx Id</columnTitle>
        <rangeURI>http://www.w3.org/2001/XMLSchema#int</rangeURI>
        <dimension>false</dimension>
        <fk>
          <fkDbSchema>lists</fkDbSchema>
          <fkTable>InitialSurveyRx</fkTable>
          <fkColumnName>Key</fkColumnName>
        </fk>
      </column>
      <column columnName="MedCondition">
        <datatype>varchar</datatype>
        <columnTitle>Med Condition</columnTitle>
        <rangeURI>http://www.w3.org/2001/XMLSchema#string</rangeURI>
        <scale>4000</scale>
      </column>
    </columns>
    <pkColumnName>Key</pkColumnName>
  </table>
  <table tableName="InitialSurveyBirthControlType" tableDbType="TABLE">
    <columns>
      <column columnName="Key">
        <datatype>integer</datatype>
        <columnTitle>Key</columnTitle>
        <rangeURI>http://www.w3.org/2001/XMLSchema#int</rangeURI>
        <nullable>false</nullable>
        <isHidden>true</isHidden>
        <isKeyField>true</isKeyField>
        <isAutoInc>true</isAutoInc>
      </column>
      <column columnName="SurveyId">
        <datatype>integer</datatype>
        <columnTitle>Initial Survey Id</columnTitle>
        <rangeURI>http://www.w3.org/2001/XMLSchema#int</rangeURI>
        <fk>
          <fkDbSchema>lists</fkDbSchema>
          <fkTable>InitialSurvey</fkTable>
          <fkColumnName>Key</fkColumnName>
        </fk>
      </column>
      <column columnName="BirthControlType">
        <datatype>varchar</datatype>
        <columnTitle>Birth Control Type</columnTitle>
        <rangeURI>http://www.w3.org/2001/XMLSchema#string</rangeURI>
        <scale>4000</scale>
      </column>
    </columns>
    <pkColumnName>Key</pkColumnName>
  </table>
  <table tableName="InitialSurveyRx" tableDbType="TABLE">
    <titleColumn>Key</titleColumn>
    <columns>
      <column columnName="Key">
        <datatype>integer</datatype>
        <columnTitle>Key</columnTitle>
        <rangeURI>http://www.w3.org/2001/XMLSchema#int</rangeURI>
        <nullable>false</nullable>
        <isHidden>true</isHidden>
        <isKeyField>true</isKeyField>
        <isAutoInc>true</isAutoInc>
      </column>
      <column columnName="SurveyId">
        <datatype>integer</datatype>
        <columnTitle>Survey Id</columnTitle>
        <rangeURI>http://www.w3.org/2001/XMLSchema#int</rangeURI>
        <fk>
          <fkDbSchema>lists</fkDbSchema>
          <fkTable>InitialSurvey</fkTable>
          <fkColumnName>Key</fkColumnName>
        </fk>
      </column>
    </columns>
    <pkColumnName>Key</pkColumnName>
  </table>
  <table tableName="WeeklySurveySupplement" tableDbType="TABLE">
    <columns>
      <column columnName="Key">
        <datatype>integer</datatype>
        <columnTitle>Key</columnTitle>
        <rangeURI>http://www.w3.org/2001/XMLSchema#int</rangeURI>
        <nullable>false</nullable>
        <isHidden>true</isHidden>
        <isKeyField>true</isKeyField>
        <isAutoInc>true</isAutoInc>
      </column>
      <column columnName="PatientId">
        <datatype>varchar</datatype>
        <columnTitle>Patient Id</columnTitle>
        <rangeURI>http://www.w3.org/2001/XMLSchema#string</rangeURI>
        <scale>4000</scale>
      </column>
      <column columnName="Supplement">
        <datatype>varchar</datatype>
        <columnTitle>Supplement</columnTitle>
        <rangeURI>http://www.w3.org/2001/XMLSchema#string</rangeURI>
        <scale>4000</scale>
      </column>
      <column columnName="WeeklySurveyId">
        <datatype>integer</datatype>
        <columnTitle>Weekly Survey Id</columnTitle>
        <rangeURI>http://www.w3.org/2001/XMLSchema#int</rangeURI>
        <fk>
          <fkDbSchema>lists</fkDbSchema>
          <fkTable>WeeklySurvey</fkTable>
          <fkColumnName>Key</fkColumnName>
        </fk>
      </column>
    </columns>
    <pkColumnName>Key</pkColumnName>
  </table>
  <table tableName="MonthlySurveyOtcStopReason" tableDbType="TABLE">
    <columns>
      <column columnName="Key">
        <datatype>integer</datatype>
        <columnTitle>Key</columnTitle>
        <rangeURI>http://www.w3.org/2001/XMLSchema#int</rangeURI>
        <nullable>false</nullable>
        <isHidden>true</isHidden>
        <isKeyField>true</isKeyField>
        <isAutoInc>true</isAutoInc>
      </column>
      <column columnName="StopReason">
        <datatype>varchar</datatype>
        <columnTitle>Stop Reason</columnTitle>
        <rangeURI>http://www.w3.org/2001/XMLSchema#string</rangeURI>
        <scale>4000</scale>
      </column>
      <column columnName="OtcId">
        <datatype>integer</datatype>
        <columnTitle>Otc Id</columnTitle>
        <rangeURI>http://www.w3.org/2001/XMLSchema#int</rangeURI>
        <fk>
          <fkDbSchema>lists</fkDbSchema>
          <fkTable>MonthlySurveyOtc</fkTable>
          <fkColumnName>Key</fkColumnName>
        </fk>
      </column>
    </columns>
    <pkColumnName>Key</pkColumnName>
  </table>
  <table tableName="MonthlySurveyOtcHowDifferent" tableDbType="TABLE">
    <columns>
      <column columnName="Key">
        <datatype>integer</datatype>
        <columnTitle>Key</columnTitle>
        <rangeURI>http://www.w3.org/2001/XMLSchema#int</rangeURI>
        <nullable>false</nullable>
        <isHidden>true</isHidden>
        <isKeyField>true</isKeyField>
        <isAutoInc>true</isAutoInc>
      </column>
      <column columnName="HowDifferent">
        <datatype>varchar</datatype>
        <columnTitle>How Different</columnTitle>
        <rangeURI>http://www.w3.org/2001/XMLSchema#string</rangeURI>
        <scale>4000</scale>
      </column>
      <column columnName="OtcId">
        <datatype>integer</datatype>
        <columnTitle>Otc Id</columnTitle>
        <rangeURI>http://www.w3.org/2001/XMLSchema#int</rangeURI>
        <fk>
          <fkDbSchema>lists</fkDbSchema>
          <fkTable>MonthlySurveyOtc</fkTable>
          <fkColumnName>Key</fkColumnName>
        </fk>
      </column>
    </columns>
    <pkColumnName>Key</pkColumnName>
  </table>
  <table tableName="InitialSurvey" tableDbType="TABLE">
    <titleColumn>Key</titleColumn>
    <columns>
      <column columnName="Key">
        <datatype>integer</datatype>
        <columnTitle>Key</columnTitle>
        <rangeURI>http://www.w3.org/2001/XMLSchema#int</rangeURI>
        <nullable>false</nullable>
        <isHidden>true</isHidden>
        <isKeyField>true</isKeyField>
        <isAutoInc>true</isAutoInc>
      </column>
      <column columnName="ResponseId">
        <datatype>integer</datatype>
        <columnTitle>Response Id</columnTitle>
        <rangeURI>http://www.w3.org/2001/XMLSchema#int</rangeURI>
        <fk>
          <fkDbSchema>mobileappstudy</fkDbSchema>
          <fkTable>Response</fkTable>
          <fkColumnName>RowId</fkColumnName>
        </fk>
      </column>
      <column columnName="ParticipantId">
        <datatype>varchar</datatype>
        <columnTitle>Participant</columnTitle>
        <rangeURI>http://www.w3.org/2001/XMLSchema#string</rangeURI>
        <scale>4000</scale>
      </column>
      <column columnName="LastPeriod">
        <datatype>timestamp</datatype>
        <columnTitle>Last Period</columnTitle>
        <description>What was the date of your last menstrual period?</description>
        <rangeURI>http://www.w3.org/2001/XMLSchema#dateTime</rangeURI>
        <formatString>yyyy-MM-dd</formatString>
      </column>
      <column columnName="DueDate">
        <datatype>timestamp</datatype>
        <columnTitle>Due Date</columnTitle>
        <description>What is your due date?</description>
        <rangeURI>http://www.w3.org/2001/XMLSchema#dateTime</rangeURI>
        <formatString>yyyy-MM-dd</formatString>
      </column>
      <column columnName="DatePregnancyLearned">
        <datatype>timestamp</datatype>
        <columnTitle>Date Pregnancy Learned</columnTitle>
        <description>When did you first learn you were pregnant?</description>
        <rangeURI>http://www.w3.org/2001/XMLSchema#dateTime</rangeURI>
        <formatString>yyyy-MM-dd</formatString>
      </column>
      <column columnName="PlannedPregnancy">
        <datatype>boolean</datatype>
        <columnTitle>Planned Pregnancy</columnTitle>
        <rangeURI>http://www.w3.org/2001/XMLSchema#boolean</rangeURI>
      </column>
      <column columnName="FolicAcid">
        <datatype>integer</datatype>
        <columnTitle>Folic Acid</columnTitle>
        <description>How much folic acid do you take (in micrograms)?</description>
        <rangeURI>http://www.w3.org/2001/XMLSchema#int</rangeURI>
      </column>
      <column columnName="FormerSmoker">
        <datatype>boolean</datatype>
        <columnTitle>Former Smoker</columnTitle>
        <rangeURI>http://www.w3.org/2001/XMLSchema#boolean</rangeURI>
      </column>
      <column columnName="NumPacksWeek">
        <datatype>integer</datatype>
        <columnTitle>Num Packs Week</columnTitle>
        <rangeURI>http://www.w3.org/2001/XMLSchema#int</rangeURI>
      </column>
      <column columnName="NumAlcoholWeek">
        <datatype>integer</datatype>
        <columnTitle>Num Alcohol Week</columnTitle>
        <description>How many alcoholic drinks have you had in the past week?</description>
        <rangeURI>http://www.w3.org/2001/XMLSchema#int</rangeURI>
      </column>
      <column columnName="IllnessWeek">
        <datatype>varchar</datatype>
        <columnTitle>Illness Week</columnTitle>
        <description>What illness or illnesses do you currently have or have you had in the past week?</description>
        <rangeURI>http://www.w3.org/2001/XMLSchema#string</rangeURI>
        <scale>4000</scale>
      </column>
      <column columnName="StartTime">
        <datatype>timestamp</datatype>
        <columnTitle>Start Time</columnTitle>
        <rangeURI>http://www.w3.org/2001/XMLSchema#dateTime</rangeURI>
      </column>
      <column columnName="EndTime">
        <datatype>timestamp</datatype>
        <columnTitle>End Time</columnTitle>
        <rangeURI>http://www.w3.org/2001/XMLSchema#dateTime</rangeURI>
      </column>
    </columns>
    <pkColumnName>Key</pkColumnName>
  </table>
  <table tableName="MonthlySurveySupplement" tableDbType="TABLE">
    <columns>
      <column columnName="Key">
        <datatype>integer</datatype>
        <columnTitle>Key</columnTitle>
        <rangeURI>http://www.w3.org/2001/XMLSchema#int</rangeURI>
        <nullable>false</nullable>
        <isHidden>true</isHidden>
        <isKeyField>true</isKeyField>
        <isAutoInc>true</isAutoInc>
      </column>
      <column columnName="Supplement">
        <datatype>varchar</datatype>
        <columnTitle>Supplement</columnTitle>
        <rangeURI>http://www.w3.org/2001/XMLSchema#string</rangeURI>
        <scale>4000</scale>
      </column>
      <column columnName="StillTaking">
        <datatype>boolean</datatype>
        <columnTitle>Still Taking</columnTitle>
        <rangeURI>http://www.w3.org/2001/XMLSchema#boolean</rangeURI>
      </column>
      <column columnName="MonthlySurveyId">
        <datatype>integer</datatype>
        <columnTitle>Monthly Survey Id</columnTitle>
        <rangeURI>http://www.w3.org/2001/XMLSchema#int</rangeURI>
        <fk>
          <fkDbSchema>lists</fkDbSchema>
          <fkTable>MonthlySurvey</fkTable>
          <fkColumnName>Key</fkColumnName>
        </fk>
      </column>
    </columns>
    <pkColumnName>Key</pkColumnName>
  </table>
  <table tableName="WeeklySurveyRxWhyDifferent" tableDbType="TABLE">
    <columns>
      <column columnName="Key">
        <datatype>integer</datatype>
        <columnTitle>Key</columnTitle>
        <rangeURI>http://www.w3.org/2001/XMLSchema#int</rangeURI>
        <nullable>false</nullable>
        <isHidden>true</isHidden>
        <isKeyField>true</isKeyField>
        <isAutoInc>true</isAutoInc>
      </column>
      <column columnName="WhyDifferent">
        <datatype>varchar</datatype>
        <columnTitle>Why Different</columnTitle>
        <rangeURI>http://www.w3.org/2001/XMLSchema#string</rangeURI>
        <scale>4000</scale>
      </column>
      <column columnName="RxId">
        <datatype>integer</datatype>
        <columnTitle>Rx Id</columnTitle>
        <rangeURI>http://www.w3.org/2001/XMLSchema#int</rangeURI>
        <fk>
          <fkDbSchema>lists</fkDbSchema>
          <fkTable>WeeklySurveyRx</fkTable>
          <fkColumnName>Key</fkColumnName>
        </fk>
      </column>
    </columns>
    <pkColumnName>Key</pkColumnName>
  </table>
  <table tableName="InitialSurveyOtc" tableDbType="TABLE">
    <titleColumn>Key</titleColumn>
    <columns>
      <column columnName="Key">
        <datatype>integer</datatype>
        <columnTitle>Key</columnTitle>
        <rangeURI>http://www.w3.org/2001/XMLSchema#int</rangeURI>
        <nullable>false</nullable>
        <isHidden>true</isHidden>
        <isKeyField>true</isKeyField>
        <isAutoInc>true</isAutoInc>
      </column>
      <column columnName="SurveyId">
        <datatype>integer</datatype>
        <columnTitle>Survey Id</columnTitle>
        <rangeURI>http://www.w3.org/2001/XMLSchema#int</rangeURI>
        <fk>
          <fkDbSchema>lists</fkDbSchema>
          <fkTable>InitialSurvey</fkTable>
          <fkColumnName>Key</fkColumnName>
        </fk>
      </column>
    </columns>
    <pkColumnName>Key</pkColumnName>
  </table>
  <table tableName="WeeklySurvey" tableDbType="TABLE">
    <titleColumn>Key</titleColumn>
    <columns>
      <column columnName="Key">
        <datatype>integer</datatype>
        <columnTitle>Key</columnTitle>
        <rangeURI>http://www.w3.org/2001/XMLSchema#int</rangeURI>
        <nullable>false</nullable>
        <isHidden>true</isHidden>
        <isKeyField>true</isKeyField>
        <isAutoInc>true</isAutoInc>
      </column>
      <column columnName="ResponseId">
        <datatype>integer</datatype>
        <columnTitle>Response Id</columnTitle>
        <rangeURI>http://www.w3.org/2001/XMLSchema#int</rangeURI>
        <fk>
          <fkDbSchema>mobileappstudy</fkDbSchema>
          <fkTable>Response</fkTable>
          <fkColumnName>RowId</fkColumnName>
        </fk>
      </column>
      <column columnName="ParticipantId">
        <datatype>integer</datatype>
        <columnTitle>Participant Id</columnTitle>
        <rangeURI>http://www.w3.org/2001/XMLSchema#int</rangeURI>
        <fk>
          <fkDbSchema>mobileappstudy</fkDbSchema>
          <fkTable>Participant</fkTable>
          <fkColumnName>RowId</fkColumnName>
        </fk>
      </column>
      <column columnName="StillPregnant">
        <datatype>boolean</datatype>
        <columnTitle>Still Pregnant</columnTitle>
        <rangeURI>http://www.w3.org/2001/XMLSchema#boolean</rangeURI>
      </column>
      <column columnName="GaveBirth">
        <datatype>boolean</datatype>
        <columnTitle>Gave Birth</columnTitle>
        <rangeURI>http://www.w3.org/2001/XMLSchema#boolean</rangeURI>
      </column>
      <column columnName="BirthDate">
        <datatype>timestamp</datatype>
        <columnTitle>Birth Date</columnTitle>
        <description>On what date did you give birth?</description>
        <rangeURI>http://www.w3.org/2001/XMLSchema#dateTime</rangeURI>
        <formatString>yyyy-MM-dd</formatString>
      </column>
      <column columnName="LivingChild">
        <datatype>boolean</datatype>
        <columnTitle>Living Child</columnTitle>
        <rangeURI>http://www.w3.org/2001/XMLSchema#boolean</rangeURI>
      </column>
      <column columnName="Miscarriage">
        <datatype>boolean</datatype>
        <columnTitle>Miscarriage</columnTitle>
        <rangeURI>http://www.w3.org/2001/XMLSchema#boolean</rangeURI>
      </column>
      <column columnName="MiscarriageDate">
        <datatype>timestamp</datatype>
        <columnTitle>Miscarriage Date</columnTitle>
        <description>On what date did your miscarriage occur?</description>
        <rangeURI>http://www.w3.org/2001/XMLSchema#dateTime</rangeURI>
        <formatString>yyyy-MM-dd</formatString>
      </column>
      <column columnName="Temination">
        <datatype>boolean</datatype>
        <columnTitle>Temination</columnTitle>
        <rangeURI>http://www.w3.org/2001/XMLSchema#boolean</rangeURI>
      </column>
      <column columnName="TerminationDate">
        <datatype>timestamp</datatype>
        <columnTitle>Termination Date</columnTitle>
        <description>On what date did the termination occur?</description>
        <rangeURI>http://www.w3.org/2001/XMLSchema#dateTime</rangeURI>
        <formatString>yyyy-MM-dd</formatString>
      </column>
      <column columnName="TerminationReason">
        <datatype>varchar</datatype>
        <columnTitle>Termination Reason</columnTitle>
        <description>What was the reason for the termination?</description>
        <rangeURI>http://www.w3.org/2001/XMLSchema#string</rangeURI>
        <scale>4000</scale>
      </column>
      <column columnName="BirthDefects">
        <datatype>varchar</datatype>
        <columnTitle>Birth Defects</columnTitle>
        <description>Does your child have any birth defects?</description>
        <rangeURI>http://www.w3.org/2001/XMLSchema#string</rangeURI>
        <scale>4000</scale>
      </column>
      <column columnName="NewPrescriptions">
        <datatype>boolean</datatype>
        <columnTitle>New Prescriptions</columnTitle>
        <rangeURI>http://www.w3.org/2001/XMLSchema#boolean</rangeURI>
      </column>
      <column columnName="NewOtc">
        <datatype>boolean</datatype>
        <columnTitle>New Otc</columnTitle>
        <rangeURI>http://www.w3.org/2001/XMLSchema#boolean</rangeURI>
      </column>
      <column columnName="FolicAcid">
        <datatype>boolean</datatype>
        <columnTitle>Folic Acid</columnTitle>
        <rangeURI>http://www.w3.org/2001/XMLSchema#boolean</rangeURI>
      </column>
      <column columnName="NewSupplements">
        <datatype>boolean</datatype>
        <columnTitle>New Supplements</columnTitle>
        <rangeURI>http://www.w3.org/2001/XMLSchema#boolean</rangeURI>
      </column>
      <column columnName="TobaccoUse">
        <datatype>boolean</datatype>
        <columnTitle>Tobacco Use</columnTitle>
        <rangeURI>http://www.w3.org/2001/XMLSchema#boolean</rangeURI>
      </column>
      <column columnName="Cigarettes">
        <datatype>boolean</datatype>
        <columnTitle>Cigarettes</columnTitle>
        <rangeURI>http://www.w3.org/2001/XMLSchema#boolean</rangeURI>
      </column>
      <column columnName="NumPacksWeek">
        <datatype>double</datatype>
        <columnTitle>Num Packs Week</columnTitle>
        <rangeURI>http://www.w3.org/2001/XMLSchema#double</rangeURI>
      </column>
      <column columnName="AlcoholUse">
        <datatype>boolean</datatype>
        <columnTitle>Alcohol Use</columnTitle>
        <rangeURI>http://www.w3.org/2001/XMLSchema#boolean</rangeURI>
      </column>
      <column columnName="NumAlcoholWeek">
        <datatype>integer</datatype>
        <columnTitle>Num Alcohol Week</columnTitle>
        <description>Select the types of tobacco products that you used in the past week (other than cigarettes)</description>
        <rangeURI>http://www.w3.org/2001/XMLSchema#int</rangeURI>
      </column>
      <column columnName="MinutesExercise">
        <datatype>integer</datatype>
        <columnTitle>Minutes Exercise</columnTitle>
        <description>On average in the past week, how many minutes of vigorous exercise did you get per day? (Heart rate greater than ### BPM).</description>
        <rangeURI>http://www.w3.org/2001/XMLSchema#int</rangeURI>
      </column>
      <column columnName="DaysSocial">
        <datatype>integer</datatype>
        <columnTitle>Days Social</columnTitle>
        <description>On average, in the past week, how many days did you socialize with people outside of your immediate family?</description>
        <rangeURI>http://www.w3.org/2001/XMLSchema#int</rangeURI>
      </column>
      <column columnName="StartTime">
        <datatype>timestamp</datatype>
        <columnTitle>Start Time</columnTitle>
        <rangeURI>http://www.w3.org/2001/XMLSchema#dateTime</rangeURI>
      </column>
      <column columnName="EndTime">
        <datatype>timestamp</datatype>
        <columnTitle>End Time</columnTitle>
        <rangeURI>http://www.w3.org/2001/XMLSchema#dateTime</rangeURI>
      </column>
    </columns>
    <pkColumnName>Key</pkColumnName>
  </table>
  <table tableName="WeeklySurveyRxMedVsRxUse" tableDbType="TABLE">
    <columns>
      <column columnName="Key">
        <datatype>integer</datatype>
        <columnTitle>Key</columnTitle>
        <rangeURI>http://www.w3.org/2001/XMLSchema#int</rangeURI>
        <nullable>false</nullable>
        <isHidden>true</isHidden>
        <isKeyField>true</isKeyField>
        <isAutoInc>true</isAutoInc>
      </column>
      <column columnName="MedVsRxUse">
        <datatype>varchar</datatype>
        <columnTitle>Med Vs Rx Use</columnTitle>
        <rangeURI>http://www.w3.org/2001/XMLSchema#string</rangeURI>
        <scale>4000</scale>
      </column>
      <column columnName="RxId">
        <datatype>integer</datatype>
        <columnTitle>Rx Id</columnTitle>
        <rangeURI>http://www.w3.org/2001/XMLSchema#int</rangeURI>
        <fk>
          <fkDbSchema>lists</fkDbSchema>
          <fkTable>WeeklySurveyRx</fkTable>
          <fkColumnName>Key</fkColumnName>
        </fk>
      </column>
    </columns>
    <pkColumnName>Key</pkColumnName>
  </table>
  <table tableName="InitialSurveyOtcMedName" tableDbType="TABLE">
    <columns>
      <column columnName="Key">
        <datatype>integer</datatype>
        <columnTitle>Key</columnTitle>
        <rangeURI>http://www.w3.org/2001/XMLSchema#int</rangeURI>
        <nullable>false</nullable>
        <isHidden>true</isHidden>
        <isKeyField>true</isKeyField>
        <isAutoInc>true</isAutoInc>
      </column>
      <column columnName="OtcId">
        <datatype>integer</datatype>
        <columnTitle>Otc Id</columnTitle>
        <rangeURI>http://www.w3.org/2001/XMLSchema#int</rangeURI>
        <fk>
          <fkDbSchema>lists</fkDbSchema>
          <fkTable>InitialSurveyOtc</fkTable>
          <fkColumnName>Key</fkColumnName>
        </fk>
      </column>
      <column columnName="MedName">
        <datatype>varchar</datatype>
        <columnTitle>Med Name</columnTitle>
        <rangeURI>http://www.w3.org/2001/XMLSchema#string</rangeURI>
        <scale>4000</scale>
      </column>
    </columns>
    <pkColumnName>Key</pkColumnName>
  </table>
  <table tableName="InitialSurveyRxMedVsRxUse" tableDbType="TABLE">
    <columns>
      <column columnName="Key">
        <datatype>integer</datatype>
        <columnTitle>Key</columnTitle>
        <rangeURI>http://www.w3.org/2001/XMLSchema#int</rangeURI>
        <nullable>false</nullable>
        <isHidden>true</isHidden>
        <isKeyField>true</isKeyField>
        <isAutoInc>true</isAutoInc>
      </column>
      <column columnName="RxId">
        <datatype>integer</datatype>
        <columnTitle>Rx Id</columnTitle>
        <rangeURI>http://www.w3.org/2001/XMLSchema#int</rangeURI>
        <fk>
          <fkDbSchema>lists</fkDbSchema>
          <fkTable>InitialSurveyRx</fkTable>
          <fkColumnName>Key</fkColumnName>
        </fk>
      </column>
      <column columnName="MedVsRxUse">
        <datatype>varchar</datatype>
        <columnTitle>Med Vs Rx Use</columnTitle>
        <rangeURI>http://www.w3.org/2001/XMLSchema#string</rangeURI>
        <scale>4000</scale>
      </column>
    </columns>
    <pkColumnName>Key</pkColumnName>
  </table>
  <table tableName="InitialSurveyOtcMedCondition" tableDbType="TABLE">
    <columns>
      <column columnName="Key">
        <datatype>integer</datatype>
        <columnTitle>Key</columnTitle>
        <rangeURI>http://www.w3.org/2001/XMLSchema#int</rangeURI>
        <nullable>false</nullable>
        <isHidden>true</isHidden>
        <isKeyField>true</isKeyField>
        <isAutoInc>true</isAutoInc>
      </column>
      <column columnName="OtcId">
        <datatype>integer</datatype>
        <columnTitle>Otc Id</columnTitle>
        <rangeURI>http://www.w3.org/2001/XMLSchema#int</rangeURI>
        <fk>
          <fkDbSchema>lists</fkDbSchema>
          <fkTable>InitialSurveyOtc</fkTable>
          <fkColumnName>Key</fkColumnName>
        </fk>
      </column>
      <column columnName="MedCondition">
        <datatype>varchar</datatype>
        <columnTitle>Med Condition</columnTitle>
        <rangeURI>http://www.w3.org/2001/XMLSchema#string</rangeURI>
        <scale>4000</scale>
      </column>
    </columns>
    <pkColumnName>Key</pkColumnName>
  </table>
  <table tableName="MonthlySurveyRxWhyDifferent" tableDbType="TABLE">
    <columns>
      <column columnName="Key">
        <datatype>integer</datatype>
        <columnTitle>Key</columnTitle>
        <rangeURI>http://www.w3.org/2001/XMLSchema#int</rangeURI>
        <nullable>false</nullable>
        <isHidden>true</isHidden>
        <isKeyField>true</isKeyField>
        <isAutoInc>true</isAutoInc>
      </column>
      <column columnName="WhyDifferent">
        <datatype>varchar</datatype>
        <columnTitle>Why Different</columnTitle>
        <rangeURI>http://www.w3.org/2001/XMLSchema#string</rangeURI>
        <scale>4000</scale>
      </column>
      <column columnName="RxId">
        <datatype>integer</datatype>
        <columnTitle>Rx Id</columnTitle>
        <rangeURI>http://www.w3.org/2001/XMLSchema#int</rangeURI>
        <fk>
          <fkDbSchema>lists</fkDbSchema>
          <fkTable>MonthlySurveyRx</fkTable>
          <fkColumnName>Key</fkColumnName>
        </fk>
      </column>
    </columns>
    <pkColumnName>Key</pkColumnName>
  </table>
  <table tableName="MonthlySurveyRxHowDifferent" tableDbType="TABLE">
    <columns>
      <column columnName="Key">
        <datatype>integer</datatype>
        <columnTitle>Key</columnTitle>
        <rangeURI>http://www.w3.org/2001/XMLSchema#int</rangeURI>
        <nullable>false</nullable>
        <isHidden>true</isHidden>
        <isKeyField>true</isKeyField>
        <isAutoInc>true</isAutoInc>
      </column>
      <column columnName="HowDifferent">
        <datatype>varchar</datatype>
        <columnTitle>How Different</columnTitle>
        <rangeURI>http://www.w3.org/2001/XMLSchema#string</rangeURI>
        <scale>4000</scale>
      </column>
      <column columnName="RxId">
        <datatype>integer</datatype>
        <columnTitle>Rx Id</columnTitle>
        <rangeURI>http://www.w3.org/2001/XMLSchema#int</rangeURI>
        <fk>
          <fkDbSchema>lists</fkDbSchema>
          <fkTable>MonthlySurveyRx</fkTable>
          <fkColumnName>Key</fkColumnName>
        </fk>
      </column>
    </columns>
    <pkColumnName>Key</pkColumnName>
  </table>
  <table tableName="MonthlySurveyRx" tableDbType="TABLE">
    <titleColumn>Key</titleColumn>
    <columns>
      <column columnName="Key">
        <datatype>integer</datatype>
        <columnTitle>Key</columnTitle>
        <rangeURI>http://www.w3.org/2001/XMLSchema#int</rangeURI>
        <nullable>false</nullable>
        <isHidden>true</isHidden>
        <isKeyField>true</isKeyField>
        <isAutoInc>true</isAutoInc>
      </column>
      <column columnName="Med">
        <datatype>varchar</datatype>
        <columnTitle>Med</columnTitle>
        <rangeURI>http://www.w3.org/2001/XMLSchema#string</rangeURI>
        <scale>4000</scale>
      </column>
      <column columnName="StillTaking">
        <datatype>boolean</datatype>
        <columnTitle>Still Taking</columnTitle>
        <description>Are you still taking [Med]?</description>
        <rangeURI>http://www.w3.org/2001/XMLSchema#boolean</rangeURI>
      </column>
      <column columnName="Change">
        <datatype>boolean</datatype>
        <columnTitle>Change</columnTitle>
        <description>Has your dosage or frequency with which you take the medication changed?</description>
        <rangeURI>http://www.w3.org/2001/XMLSchema#boolean</rangeURI>
      </column>
      <column columnName="SurveyId">
        <datatype>integer</datatype>
        <columnTitle>Survey Id</columnTitle>
        <rangeURI>http://www.w3.org/2001/XMLSchema#int</rangeURI>
        <fk>
          <fkDbSchema>lists</fkDbSchema>
          <fkTable>MonthlySurvey</fkTable>
          <fkColumnName>Key</fkColumnName>
        </fk>
      </column>
    </columns>
    <pkColumnName>Key</pkColumnName>
  </table>
  <table tableName="MonthlySurveyOtc" tableDbType="TABLE">
    <titleColumn>Key</titleColumn>
    <columns>
      <column columnName="Key">
        <datatype>integer</datatype>
        <columnTitle>Key</columnTitle>
        <rangeURI>http://www.w3.org/2001/XMLSchema#int</rangeURI>
        <nullable>false</nullable>
        <isHidden>true</isHidden>
        <isKeyField>true</isKeyField>
        <isAutoInc>true</isAutoInc>
      </column>
      <column columnName="StillTaking">
        <datatype>boolean</datatype>
        <columnTitle>Still Taking</columnTitle>
        <rangeURI>http://www.w3.org/2001/XMLSchema#boolean</rangeURI>
      </column>
      <column columnName="Changed">
        <datatype>boolean</datatype>
        <columnTitle>Changed</columnTitle>
        <rangeURI>http://www.w3.org/2001/XMLSchema#boolean</rangeURI>
      </column>
      <column columnName="SurveyId">
        <datatype>integer</datatype>
        <columnTitle>Monthly Survey Id</columnTitle>
        <rangeURI>http://www.w3.org/2001/XMLSchema#int</rangeURI>
        <fk>
          <fkDbSchema>lists</fkDbSchema>
          <fkTable>MonthlySurvey</fkTable>
          <fkColumnName>Key</fkColumnName>
        </fk>
      </column>
    </columns>
    <pkColumnName>Key</pkColumnName>
  </table>
  <table tableName="WeeklySurveyOtc" tableDbType="TABLE">
    <titleColumn>Key</titleColumn>
    <columns>
      <column columnName="Key">
        <datatype>integer</datatype>
        <columnTitle>Key</columnTitle>
        <rangeURI>http://www.w3.org/2001/XMLSchema#int</rangeURI>
        <nullable>false</nullable>
        <isHidden>true</isHidden>
        <isKeyField>true</isKeyField>
        <isAutoInc>true</isAutoInc>
      </column>
      <column columnName="Med">
        <datatype>varchar</datatype>
        <columnTitle>Med</columnTitle>
        <description>Medication name
 (for have you taken any new over-the-counter medications in the past week?)</description>
        <rangeURI>http://www.w3.org/2001/XMLSchema#string</rangeURI>
        <scale>4000</scale>
      </column>
      <column columnName="MedCondition">
        <datatype>varchar</datatype>
        <columnTitle>Med Condition</columnTitle>
        <description>What condition is this medication treating?</description>
        <rangeURI>http://www.w3.org/2001/XMLSchema#string</rangeURI>
        <scale>4000</scale>
      </column>
      <column columnName="WeeklySurveyId">
        <datatype>integer</datatype>
        <columnTitle>Weekly Survey Id</columnTitle>
        <rangeURI>http://www.w3.org/2001/XMLSchema#int</rangeURI>
        <fk>
          <fkDbSchema>lists</fkDbSchema>
          <fkTable>WeeklySurvey</fkTable>
          <fkColumnName>Key</fkColumnName>
        </fk>
      </column>
    </columns>
    <pkColumnName>Key</pkColumnName>
  </table>
  <table tableName="InitialSurveySupplement" tableDbType="TABLE">
    <columns>
      <column columnName="Key">
        <datatype>integer</datatype>
        <columnTitle>Key</columnTitle>
        <rangeURI>http://www.w3.org/2001/XMLSchema#int</rangeURI>
        <nullable>false</nullable>
        <isHidden>true</isHidden>
        <isKeyField>true</isKeyField>
        <isAutoInc>true</isAutoInc>
      </column>
      <column columnName="SurveyId">
        <datatype>integer</datatype>
        <columnTitle>Survey Id</columnTitle>
        <rangeURI>http://www.w3.org/2001/XMLSchema#int</rangeURI>
        <fk>
          <fkDbSchema>lists</fkDbSchema>
          <fkTable>InitialSurvey</fkTable>
          <fkColumnName>Key</fkColumnName>
        </fk>
      </column>
      <column columnName="Supplement">
        <datatype>varchar</datatype>
        <columnTitle>Supplement</columnTitle>
        <rangeURI>http://www.w3.org/2001/XMLSchema#string</rangeURI>
        <scale>4000</scale>
      </column>
    </columns>
    <pkColumnName>Key</pkColumnName>
  </table>
  <table tableName="WeeklySurveyTobaccoType" tableDbType="TABLE">
    <columns>
      <column columnName="Key">
        <datatype>integer</datatype>
        <columnTitle>Key</columnTitle>
        <rangeURI>http://www.w3.org/2001/XMLSchema#int</rangeURI>
        <nullable>false</nullable>
        <isHidden>true</isHidden>
        <isKeyField>true</isKeyField>
        <isAutoInc>true</isAutoInc>
      </column>
      <column columnName="tobaccoType">
        <datatype>varchar</datatype>
        <columnTitle>Tobacco Type</columnTitle>
        <rangeURI>http://www.w3.org/2001/XMLSchema#string</rangeURI>
        <scale>4000</scale>
      </column>
      <column columnName="SurveyId">
        <datatype>integer</datatype>
        <columnTitle>Weekly SurveyId</columnTitle>
        <rangeURI>http://www.w3.org/2001/XMLSchema#int</rangeURI>
        <fk>
          <fkDbSchema>lists</fkDbSchema>
          <fkTable>WeeklySurvey</fkTable>
          <fkColumnName>Key</fkColumnName>
        </fk>
      </column>
    </columns>
    <pkColumnName>Key</pkColumnName>
  </table>
</tables>