<?xml version="1.0" encoding="UTF-8"?>
<!--Exported from Local LabKey Server at http://localhost:8080/labkey/project/GHC/Pilot%20Study/begin.view by susanh@labkey.com on Wed Nov 30 14:22:00 PST 2016-->
<tables xmlns="http://labkey.org/data/xml">
  <table tableName="WeeklySurveyRx" tableDbType="TABLE">
    <titleColumn>Key</titleColumn>
    <columns>
      <column columnName="Key">
        <datatype>integer</datatype>
        <columnTitle>Key</columnTitle>
        <rangeURI>http://www.w3.org/2001/XMLSchema#int</rangeURI>
        <nullable>false</nullable>
        <isHidden>true</isHidden>
        <isKeyField>true</isKeyField>
        <isAutoInc>true</isAutoInc>
      </column>
      <column columnName="Participant">
        <datatype>varchar</datatype>
        <columnTitle>Participant</columnTitle>
        <rangeURI>http://www.w3.org/2001/XMLSchema#string</rangeURI>
        <scale>4000</scale>
      </column>
      <column columnName="Med">
        <datatype>varchar</datatype>
        <columnTitle>Med</columnTitle>
        <description>Medication name
(for Enter information about the new prescription medication you take on the following screens)</description>
        <rangeURI>http://www.w3.org/2001/XMLSchema#string</rangeURI>
        <scale>4000</scale>
      </column>
      <column columnName="MedCondition">
        <datatype>varchar</datatype>
        <columnTitle>Med Condition</columnTitle>
        <description>What condition is this medication treating?</description>
        <rangeURI>http://www.w3.org/2001/XMLSchema#string</rangeURI>
        <scale>4000</scale>
      </column>
      <column columnName="MedVsRxUse">
        <datatype>varchar</datatype>
        <columnTitle>Med Vs Rx Use</columnTitle>
        <description>How does your medication usage differ from your prescription instructions?</description>
        <rangeURI>http://www.w3.org/2001/XMLSchema#string</rangeURI>
        <scale>4000</scale>
      </column>
      <column columnName="ReasonMedVsRxUse">
        <datatype>varchar</datatype>
        <columnTitle>Reason Med Vs Rx Use</columnTitle>
        <description>Why did you decide to change the frequency or dosage of your medication?</description>
        <rangeURI>http://www.w3.org/2001/XMLSchema#string</rangeURI>
        <scale>4000</scale>
      </column>
      <column columnName="WeeklySurveyId">
        <datatype>integer</datatype>
        <columnTitle>Weekly Survey Id</columnTitle>
        <rangeURI>http://www.w3.org/2001/XMLSchema#int</rangeURI>
        <fk>
          <fkDbSchema>lists</fkDbSchema>
          <fkTable>WeeklySurvey</fkTable>
          <fkColumnName>Key</fkColumnName>
        </fk>
      </column>
    </columns>
    <pkColumnName>Key</pkColumnName>
  </table>
  <table tableName="MonthlySurvey" tableDbType="TABLE">
    <titleColumn>Key</titleColumn>
    <columns>
      <column columnName="Key">
        <datatype>integer</datatype>
        <columnTitle>Key</columnTitle>
        <rangeURI>http://www.w3.org/2001/XMLSchema#int</rangeURI>
        <nullable>false</nullable>
        <isHidden>true</isHidden>
        <isKeyField>true</isKeyField>
        <isAutoInc>true</isAutoInc>
      </column>
      <column columnName="PatientId">
        <datatype>varchar</datatype>
        <columnTitle>Patient Id</columnTitle>
        <rangeURI>http://www.w3.org/2001/XMLSchema#string</rangeURI>
        <scale>4000</scale>
      </column>
      <column columnName="VersionSurvey">
        <datatype>varchar</datatype>
        <columnTitle>Version Survey</columnTitle>
        <rangeURI>http://www.w3.org/2001/XMLSchema#string</rangeURI>
        <scale>4000</scale>
      </column>
      <column columnName="VersionNotes">
        <datatype>varchar</datatype>
        <columnTitle>Version Notes</columnTitle>
        <rangeURI>http://www.w3.org/2001/XMLSchema#string</rangeURI>
        <scale>4000</scale>
      </column>
      <column columnName="StartTime">
        <datatype>timestamp</datatype>
        <columnTitle>Start Time</columnTitle>
        <rangeURI>http://www.w3.org/2001/XMLSchema#dateTime</rangeURI>
      </column>
      <column columnName="EndTime">
        <datatype>timestamp</datatype>
        <columnTitle>End Time</columnTitle>
        <rangeURI>http://www.w3.org/2001/XMLSchema#dateTime</rangeURI>
      </column>
    </columns>
    <pkColumnName>Key</pkColumnName>
  </table>
  <table tableName="InitialSurveyRx" tableDbType="TABLE">
    <titleColumn>Key</titleColumn>
    <columns>
      <column columnName="Key">
        <datatype>integer</datatype>
        <columnTitle>Key</columnTitle>
        <rangeURI>http://www.w3.org/2001/XMLSchema#int</rangeURI>
        <nullable>false</nullable>
        <isHidden>true</isHidden>
        <isKeyField>true</isKeyField>
        <isAutoInc>true</isAutoInc>
      </column>
      <column columnName="Participant">
        <datatype>varchar</datatype>
        <columnTitle>Participant</columnTitle>
        <rangeURI>http://www.w3.org/2001/XMLSchema#string</rangeURI>
        <scale>4000</scale>
      </column>
      <column columnName="Med">
        <datatype>varchar</datatype>
        <columnTitle>Med</columnTitle>
        <description>Medication name</description>
        <rangeURI>http://www.w3.org/2001/XMLSchema#string</rangeURI>
        <scale>4000</scale>
      </column>
      <column columnName="MedCondition">
        <datatype>varchar</datatype>
        <columnTitle>Med Condition</columnTitle>
        <description>What condition is this medication treating?</description>
        <rangeURI>http://www.w3.org/2001/XMLSchema#string</rangeURI>
        <scale>4000</scale>
      </column>
      <column columnName="MedVsRxUse">
        <datatype>varchar</datatype>
        <columnTitle>Med Vs Rx Use</columnTitle>
        <description>How does your medication usage differ from your prescription instructions?</description>
        <rangeURI>http://www.w3.org/2001/XMLSchema#string</rangeURI>
        <scale>4000</scale>
      </column>
      <column columnName="ReasonMedVsRxUse">
        <datatype>varchar</datatype>
        <columnTitle>Reason Med Vs Rx Use</columnTitle>
        <description>Why did you decide to change the frequency or dosage of your medication?</description>
        <rangeURI>http://www.w3.org/2001/XMLSchema#string</rangeURI>
        <scale>4000</scale>
      </column>
      <column columnName="InitialSurveyId">
        <datatype>integer</datatype>
        <columnTitle>Initial Survey Id</columnTitle>
        <rangeURI>http://www.w3.org/2001/XMLSchema#int</rangeURI>
        <fk>
          <fkDbSchema>lists</fkDbSchema>
          <fkTable>InitialSurvey</fkTable>
          <fkColumnName>Key</fkColumnName>
        </fk>
      </column>
    </columns>
    <pkColumnName>Key</pkColumnName>
  </table>
  <table tableName="MonthlySurveyOtc" tableDbType="TABLE">
    <titleColumn>Key</titleColumn>
    <columns>
      <column columnName="Key">
        <datatype>integer</datatype>
        <columnTitle>Key</columnTitle>
        <rangeURI>http://www.w3.org/2001/XMLSchema#int</rangeURI>
        <nullable>false</nullable>
        <isHidden>true</isHidden>
        <isKeyField>true</isKeyField>
        <isAutoInc>true</isAutoInc>
      </column>
      <column columnName="Participant">
        <datatype>varchar</datatype>
        <columnTitle>Participant</columnTitle>
        <rangeURI>http://www.w3.org/2001/XMLSchema#string</rangeURI>
        <scale>4000</scale>
      </column>
      <column columnName="OTC">
        <datatype>varchar</datatype>
        <columnTitle>OTC</columnTitle>
        <rangeURI>http://www.w3.org/2001/XMLSchema#string</rangeURI>
        <scale>4000</scale>
      </column>
      <column columnName="StopReason">
        <datatype>varchar</datatype>
        <columnTitle>Stop Reason</columnTitle>
        <description>Why did you stop taking [OTC]?</description>
        <rangeURI>http://www.w3.org/2001/XMLSchema#string</rangeURI>
        <scale>4000</scale>
      </column>
      <column columnName="MonthlySurveyId">
        <datatype>integer</datatype>
        <columnTitle>Monthly Survey Id</columnTitle>
        <rangeURI>http://www.w3.org/2001/XMLSchema#int</rangeURI>
        <fk>
          <fkDbSchema>lists</fkDbSchema>
          <fkTable>MonthlySurvey</fkTable>
          <fkColumnName>Key</fkColumnName>
        </fk>
      </column>
    </columns>
    <pkColumnName>Key</pkColumnName>
  </table>
  <table tableName="MonthlySurveySup" tableDbType="TABLE">
    <columns>
      <column columnName="Key">
        <datatype>integer</datatype>
        <columnTitle>Key</columnTitle>
        <rangeURI>http://www.w3.org/2001/XMLSchema#int</rangeURI>
        <nullable>false</nullable>
        <isHidden>true</isHidden>
        <isKeyField>true</isKeyField>
        <isAutoInc>true</isAutoInc>
      </column>
      <column columnName="PatientId">
        <datatype>varchar</datatype>
        <columnTitle>Patient Id</columnTitle>
        <rangeURI>http://www.w3.org/2001/XMLSchema#string</rangeURI>
        <scale>4000</scale>
      </column>
      <column columnName="Supplement">
        <datatype>varchar</datatype>
        <columnTitle>Supplement</columnTitle>
        <rangeURI>http://www.w3.org/2001/XMLSchema#string</rangeURI>
        <scale>4000</scale>
      </column>
      <column columnName="StopReason">
        <datatype>varchar</datatype>
        <columnTitle>Stop Reason</columnTitle>
        <rangeURI>http://www.w3.org/2001/XMLSchema#string</rangeURI>
        <scale>4000</scale>
      </column>
      <column columnName="MonthlySurveyId">
        <datatype>integer</datatype>
        <columnTitle>Monthly Survey Id</columnTitle>
        <rangeURI>http://www.w3.org/2001/XMLSchema#int</rangeURI>
        <fk>
          <fkDbSchema>lists</fkDbSchema>
          <fkTable>MonthlySurvey</fkTable>
          <fkColumnName>Key</fkColumnName>
        </fk>
      </column>
    </columns>
    <pkColumnName>Key</pkColumnName>
  </table>
  <table tableName="InitialSurveySup" tableDbType="TABLE">
    <titleColumn>Key</titleColumn>
    <columns>
      <column columnName="Key">
        <datatype>integer</datatype>
        <columnTitle>Key</columnTitle>
        <rangeURI>http://www.w3.org/2001/XMLSchema#int</rangeURI>
        <nullable>false</nullable>
        <isHidden>true</isHidden>
        <isKeyField>true</isKeyField>
        <isAutoInc>true</isAutoInc>
      </column>
      <column columnName="Participant">
        <datatype>varchar</datatype>
        <columnTitle>Participant</columnTitle>
        <rangeURI>http://www.w3.org/2001/XMLSchema#string</rangeURI>
        <scale>4000</scale>
      </column>
      <column columnName="NutritionalSupplements">
        <datatype>varchar</datatype>
        <columnTitle>Nutritional Supplements</columnTitle>
        <description>List the nutritional supplements that you take</description>
        <rangeURI>http://www.w3.org/2001/XMLSchema#string</rangeURI>
        <scale>4000</scale>
      </column>
      <column columnName="InitialSurveyId">
        <datatype>integer</datatype>
        <columnTitle>Initial Survey Id</columnTitle>
        <rangeURI>http://www.w3.org/2001/XMLSchema#int</rangeURI>
        <fk>
          <fkDbSchema>lists</fkDbSchema>
          <fkTable>InitialSurvey</fkTable>
          <fkColumnName>Key</fkColumnName>
        </fk>
      </column>
    </columns>
    <pkColumnName>Key</pkColumnName>
  </table>
  <table tableName="InitialSurveyOtc" tableDbType="TABLE">
    <titleColumn>Key</titleColumn>
    <columns>
      <column columnName="Key">
        <datatype>integer</datatype>
        <columnTitle>Key</columnTitle>
        <rangeURI>http://www.w3.org/2001/XMLSchema#int</rangeURI>
        <nullable>false</nullable>
        <isHidden>true</isHidden>
        <isKeyField>true</isKeyField>
        <isAutoInc>true</isAutoInc>
      </column>
      <column columnName="Participant">
        <datatype>varchar</datatype>
        <columnTitle>Participant</columnTitle>
        <rangeURI>http://www.w3.org/2001/XMLSchema#string</rangeURI>
        <scale>4000</scale>
      </column>
      <column columnName="Med">
        <datatype>varchar</datatype>
        <columnTitle>Med</columnTitle>
        <description>Medication name</description>
        <rangeURI>http://www.w3.org/2001/XMLSchema#string</rangeURI>
        <dimension>true</dimension>
        <recommendedVariable>true</recommendedVariable>
        <scale>4000</scale>
      </column>
      <column columnName="MedCondition">
        <datatype>varchar</datatype>
        <columnTitle>Med Condition</columnTitle>
        <description>What condition is this medication treating?</description>
        <rangeURI>http://www.w3.org/2001/XMLSchema#string</rangeURI>
        <dimension>true</dimension>
        <recommendedVariable>true</recommendedVariable>
        <scale>4000</scale>
      </column>
      <column columnName="InitialSurveyId">
        <datatype>integer</datatype>
        <columnTitle>Initial Survey Id</columnTitle>
        <rangeURI>http://www.w3.org/2001/XMLSchema#int</rangeURI>
        <fk>
          <fkDbSchema>lists</fkDbSchema>
          <fkTable>InitialSurvey</fkTable>
          <fkColumnName>Key</fkColumnName>
        </fk>
      </column>
    </columns>
    <pkColumnName>Key</pkColumnName>
  </table>
  <table tableName="WeeklySurveyOtc" tableDbType="TABLE">
    <titleColumn>Key</titleColumn>
    <columns>
      <column columnName="Key">
        <datatype>integer</datatype>
        <columnTitle>Key</columnTitle>
        <rangeURI>http://www.w3.org/2001/XMLSchema#int</rangeURI>
        <nullable>false</nullable>
        <isHidden>true</isHidden>
        <isKeyField>true</isKeyField>
        <isAutoInc>true</isAutoInc>
      </column>
      <column columnName="Participant">
        <datatype>varchar</datatype>
        <columnTitle>Participant</columnTitle>
        <rangeURI>http://www.w3.org/2001/XMLSchema#string</rangeURI>
        <scale>4000</scale>
      </column>
      <column columnName="Med">
        <datatype>varchar</datatype>
        <columnTitle>Med</columnTitle>
        <description>Medication name
 (for have you taken any new over-the-counter medications in the past week?)</description>
        <rangeURI>http://www.w3.org/2001/XMLSchema#string</rangeURI>
        <scale>4000</scale>
      </column>
      <column columnName="MedCondition">
        <datatype>varchar</datatype>
        <columnTitle>Med Condition</columnTitle>
        <description>What condition is this medication treating?</description>
        <rangeURI>http://www.w3.org/2001/XMLSchema#string</rangeURI>
        <scale>4000</scale>
      </column>
      <column columnName="WeeklySurveyId">
        <datatype>integer</datatype>
        <columnTitle>Weekly Survey Id</columnTitle>
        <rangeURI>http://www.w3.org/2001/XMLSchema#int</rangeURI>
        <fk>
          <fkDbSchema>lists</fkDbSchema>
          <fkTable>WeeklySurvey</fkTable>
          <fkColumnName>Key</fkColumnName>
        </fk>
      </column>
    </columns>
    <pkColumnName>Key</pkColumnName>
  </table>
  <table tableName="WeeklySurveySup" tableDbType="TABLE">
    <columns>
      <column columnName="Key">
        <datatype>integer</datatype>
        <columnTitle>Key</columnTitle>
        <rangeURI>http://www.w3.org/2001/XMLSchema#int</rangeURI>
        <nullable>false</nullable>
        <isHidden>true</isHidden>
        <isKeyField>true</isKeyField>
        <isAutoInc>true</isAutoInc>
      </column>
      <column columnName="PatientId">
        <datatype>varchar</datatype>
        <columnTitle>Patient Id</columnTitle>
        <rangeURI>http://www.w3.org/2001/XMLSchema#string</rangeURI>
        <scale>4000</scale>
      </column>
      <column columnName="Supplement">
        <datatype>varchar</datatype>
        <columnTitle>Supplement</columnTitle>
        <rangeURI>http://www.w3.org/2001/XMLSchema#string</rangeURI>
        <scale>4000</scale>
      </column>
      <column columnName="WeeklySurveyId">
        <datatype>integer</datatype>
        <columnTitle>Weekly Survey Id</columnTitle>
        <rangeURI>http://www.w3.org/2001/XMLSchema#int</rangeURI>
        <fk>
          <fkDbSchema>lists</fkDbSchema>
          <fkTable>WeeklySurvey</fkTable>
          <fkColumnName>Key</fkColumnName>
        </fk>
      </column>
    </columns>
    <pkColumnName>Key</pkColumnName>
  </table>
  <table tableName="WeeklySurvey" tableDbType="TABLE">
    <titleColumn>Key</titleColumn>
    <columns>
      <column columnName="Key">
        <datatype>integer</datatype>
        <columnTitle>Key</columnTitle>
        <rangeURI>http://www.w3.org/2001/XMLSchema#int</rangeURI>
        <nullable>false</nullable>
        <isHidden>true</isHidden>
        <isKeyField>true</isKeyField>
        <isAutoInc>true</isAutoInc>
      </column>
      <column columnName="Participant">
        <datatype>varchar</datatype>
        <columnTitle>Participant</columnTitle>
        <rangeURI>http://www.w3.org/2001/XMLSchema#string</rangeURI>
        <scale>4000</scale>
      </column>
      <column columnName="StillPregnant">
        <datatype>varchar</datatype>
        <columnTitle>Still Pregnant</columnTitle>
        <description>Are you still pregnant?</description>
        <rangeURI>http://www.w3.org/2001/XMLSchema#string</rangeURI>
        <scale>4000</scale>
      </column>
      <column columnName="BirthDate">
        <datatype>timestamp</datatype>
        <columnTitle>Birth Date</columnTitle>
        <description>On what date did you give birth?</description>
        <rangeURI>http://www.w3.org/2001/XMLSchema#dateTime</rangeURI>
      </column>
      <column columnName="LivingChild">
        <datatype>varchar</datatype>
        <columnTitle>Living Child</columnTitle>
        <description>Did you give birth to a living child?</description>
        <rangeURI>http://www.w3.org/2001/XMLSchema#string</rangeURI>
        <scale>4000</scale>
      </column>
      <column columnName="MiscarriageDate">
        <datatype>timestamp</datatype>
        <columnTitle>Miscarriage Date</columnTitle>
        <description>On what date did your miscarriage occur?</description>
        <rangeURI>http://www.w3.org/2001/XMLSchema#dateTime</rangeURI>
      </column>
      <column columnName="TerminationDate">
        <datatype>timestamp</datatype>
        <columnTitle>Termination Date</columnTitle>
        <description>On what date did the termination occur?</description>
        <rangeURI>http://www.w3.org/2001/XMLSchema#dateTime</rangeURI>
      </column>
      <column columnName="TerminationReason">
        <datatype>varchar</datatype>
        <columnTitle>Termination Reason</columnTitle>
        <description>What was the reason for the termination?</description>
        <rangeURI>http://www.w3.org/2001/XMLSchema#string</rangeURI>
        <scale>4000</scale>
      </column>
      <column columnName="BirthDefects">
        <datatype>varchar</datatype>
        <columnTitle>Birth Defects</columnTitle>
        <description>Does your child have any birth defects?</description>
        <rangeURI>http://www.w3.org/2001/XMLSchema#string</rangeURI>
        <scale>4000</scale>
      </column>
      <column columnName="FolicAcid">
        <datatype>varchar</datatype>
        <columnTitle>Folic Acid</columnTitle>
        <description>Did you take folic acid in the past week?</description>
        <rangeURI>http://www.w3.org/2001/XMLSchema#string</rangeURI>
        <scale>4000</scale>
      </column>
      <column columnName="NumPacksWeek">
        <datatype>double</datatype>
        <columnTitle>Num Packs Week</columnTitle>
        <rangeURI>http://www.w3.org/2001/XMLSchema#double</rangeURI>
      </column>
      <column columnName="OtherTobaccoUse">
        <datatype>varchar</datatype>
        <columnTitle>Other Tobacco Use</columnTitle>
        <description>Select the types of tobacco products that you used in the past week (other than cigarettes)</description>
        <rangeURI>http://www.w3.org/2001/XMLSchema#string</rangeURI>
        <scale>4000</scale>
      </column>
      <column columnName="NumAlcoholWeek">
        <datatype>integer</datatype>
        <columnTitle>Num Alcohol Week</columnTitle>
        <description>Select the types of tobacco products that you used in the past week (other than cigarettes)</description>
        <rangeURI>http://www.w3.org/2001/XMLSchema#int</rangeURI>
      </column>
      <column columnName="MinutesExercise">
        <datatype>integer</datatype>
        <columnTitle>Minutes Exercise</columnTitle>
        <description>On average in the past week, how many minutes of vigorous exercise did you get per day? (Heart rate greater than ### BPM).</description>
        <rangeURI>http://www.w3.org/2001/XMLSchema#int</rangeURI>
      </column>
      <column columnName="DaysSocial">
        <datatype>integer</datatype>
        <columnTitle>Days Social</columnTitle>
        <description>On average, in the past week, how many days did you socialize with people outside of your immediate family?</description>
        <rangeURI>http://www.w3.org/2001/XMLSchema#int</rangeURI>
      </column>
      <column columnName="VersionSurvey">
        <datatype>varchar</datatype>
        <columnTitle>Version Survey</columnTitle>
        <rangeURI>http://www.w3.org/2001/XMLSchema#string</rangeURI>
        <scale>4000</scale>
      </column>
      <column columnName="VersionNotes">
        <datatype>varchar</datatype>
        <columnTitle>Version Notes</columnTitle>
        <rangeURI>http://www.w3.org/2001/XMLSchema#string</rangeURI>
        <scale>4000</scale>
      </column>
      <column columnName="StartTime">
        <datatype>timestamp</datatype>
        <columnTitle>Start Time</columnTitle>
        <rangeURI>http://www.w3.org/2001/XMLSchema#dateTime</rangeURI>
      </column>
      <column columnName="EndTime">
        <datatype>timestamp</datatype>
        <columnTitle>End Time</columnTitle>
        <rangeURI>http://www.w3.org/2001/XMLSchema#dateTime</rangeURI>
      </column>
    </columns>
    <pkColumnName>Key</pkColumnName>
  </table>
  <table tableName="InitialSurvey" tableDbType="TABLE">
    <titleColumn>Key</titleColumn>
    <columns>
      <column columnName="Key">
        <datatype>integer</datatype>
        <columnTitle>Key</columnTitle>
        <rangeURI>http://www.w3.org/2001/XMLSchema#int</rangeURI>
        <nullable>false</nullable>
        <isHidden>true</isHidden>
        <isKeyField>true</isKeyField>
        <isAutoInc>true</isAutoInc>
      </column>
      <column columnName="ParticipantId">
        <datatype>varchar</datatype>
        <columnTitle>Participant</columnTitle>
        <rangeURI>http://www.w3.org/2001/XMLSchema#string</rangeURI>
        <scale>4000</scale>
      </column>
      <column columnName="LastPeriod">
        <datatype>timestamp</datatype>
        <columnTitle>Last Period</columnTitle>
        <description>What was the date of your last menstrual period?</description>
        <rangeURI>http://www.w3.org/2001/XMLSchema#dateTime</rangeURI>
      </column>
      <column columnName="DueDate">
        <datatype>timestamp</datatype>
        <columnTitle>Due Date</columnTitle>
        <description>What is your due date?</description>
        <rangeURI>http://www.w3.org/2001/XMLSchema#dateTime</rangeURI>
      </column>
      <column columnName="DatePregnancyLearned">
        <datatype>timestamp</datatype>
        <columnTitle>Date Pregnancy Learned</columnTitle>
        <description>When did you first learn you were pregnant?</description>
        <rangeURI>http://www.w3.org/2001/XMLSchema#dateTime</rangeURI>
      </column>
      <column columnName="PlannedPregnancy">
        <datatype>boolean</datatype>
        <columnTitle>Planned Pregnancy</columnTitle>
        <rangeURI>http://www.w3.org/2001/XMLSchema#boolean</rangeURI>
      </column>
      <column columnName="TypeBirthControl">
        <datatype>varchar</datatype>
        <columnTitle>Type Birth Control</columnTitle>
        <description>What type of birth control did you use?</description>
        <rangeURI>http://www.w3.org/2001/XMLSchema#string</rangeURI>
        <dimension>true</dimension>
        <measure>true</measure>
        <scale>4000</scale>
      </column>
      <column columnName="FolicAcid">
        <datatype>integer</datatype>
        <columnTitle>Folic Acid</columnTitle>
        <description>How much folic acid do you take (in micrograms)?</description>
        <rangeURI>http://www.w3.org/2001/XMLSchema#int</rangeURI>
      </column>
      <column columnName="FormerSmoker">
        <datatype>boolean</datatype>
        <columnTitle>Former Smoker</columnTitle>
        <rangeURI>http://www.w3.org/2001/XMLSchema#boolean</rangeURI>
      </column>
      <column columnName="NumPacksWeek">
        <datatype>integer</datatype>
        <columnTitle>Num Packs Week</columnTitle>
        <rangeURI>http://www.w3.org/2001/XMLSchema#int</rangeURI>
      </column>
      <column columnName="OtherTobaccoUse">
        <datatype>varchar</datatype>
        <columnTitle>Other Tobacco Use</columnTitle>
        <description>List the types of tobacco products that you use (other than cigarettes)</description>
        <rangeURI>http://www.w3.org/2001/XMLSchema#string</rangeURI>
        <scale>4000</scale>
      </column>
      <column columnName="NumAlcoholWeek">
        <datatype>integer</datatype>
        <columnTitle>Num Alcohol Week</columnTitle>
        <description>How many alcoholic drinks have you had in the past week?</description>
        <rangeURI>http://www.w3.org/2001/XMLSchema#int</rangeURI>
      </column>
      <column columnName="IllnessWeek">
        <datatype>varchar</datatype>
        <columnTitle>Illness Week</columnTitle>
        <description>What illness or illnesses do you currently have or have you had in the past week?</description>
        <rangeURI>http://www.w3.org/2001/XMLSchema#string</rangeURI>
        <scale>4000</scale>
      </column>
      <column columnName="VersionSurvey">
        <datatype>varchar</datatype>
        <columnTitle>Version Survey</columnTitle>
        <rangeURI>http://www.w3.org/2001/XMLSchema#string</rangeURI>
        <scale>4000</scale>
      </column>
      <column columnName="VersionNotes">
        <datatype>varchar</datatype>
        <columnTitle>Version Notes</columnTitle>
        <rangeURI>http://www.w3.org/2001/XMLSchema#string</rangeURI>
        <scale>4000</scale>
      </column>
      <column columnName="StartTime">
        <datatype>timestamp</datatype>
        <columnTitle>Start Time</columnTitle>
        <rangeURI>http://www.w3.org/2001/XMLSchema#dateTime</rangeURI>
      </column>
      <column columnName="EndTime">
        <datatype>timestamp</datatype>
        <columnTitle>End Time</columnTitle>
        <rangeURI>http://www.w3.org/2001/XMLSchema#dateTime</rangeURI>
      </column>
    </columns>
    <pkColumnName>Key</pkColumnName>
  </table>
  <table tableName="MonthlySurveyRx" tableDbType="TABLE">
    <titleColumn>Key</titleColumn>
    <columns>
      <column columnName="Key">
        <datatype>integer</datatype>
        <columnTitle>Key</columnTitle>
        <rangeURI>http://www.w3.org/2001/XMLSchema#int</rangeURI>
        <nullable>false</nullable>
        <isHidden>true</isHidden>
        <isKeyField>true</isKeyField>
        <isAutoInc>true</isAutoInc>
      </column>
      <column columnName="Participant">
        <datatype>varchar</datatype>
        <columnTitle>Participant</columnTitle>
        <rangeURI>http://www.w3.org/2001/XMLSchema#string</rangeURI>
        <scale>4000</scale>
      </column>
      <column columnName="Med">
        <datatype>varchar</datatype>
        <columnTitle>Med</columnTitle>
        <rangeURI>http://www.w3.org/2001/XMLSchema#string</rangeURI>
        <scale>4000</scale>
      </column>
      <column columnName="StillTaking">
        <datatype>boolean</datatype>
        <columnTitle>Still Taking</columnTitle>
        <description>Are you still taking [Med]?</description>
        <rangeURI>http://www.w3.org/2001/XMLSchema#boolean</rangeURI>
      </column>
      <column columnName="UsageChange">
        <datatype>varchar</datatype>
        <columnTitle>Usage Change</columnTitle>
        <description>How does your current medication usage differ from your previous usage?</description>
        <rangeURI>http://www.w3.org/2001/XMLSchema#string</rangeURI>
        <scale>4000</scale>
      </column>
      <column columnName="UsageChangeReason">
        <datatype>varchar</datatype>
        <columnTitle>Usage Change Reason</columnTitle>
        <description>Why did you decide to change the frequency or dosage of your medication?</description>
        <rangeURI>http://www.w3.org/2001/XMLSchema#string</rangeURI>
        <scale>4000</scale>
      </column>
      <column columnName="StopReason">
        <datatype>varchar</datatype>
        <columnTitle>Stop Reason</columnTitle>
        <description>Why did you stop taking [Med]?</description>
        <rangeURI>http://www.w3.org/2001/XMLSchema#string</rangeURI>
        <scale>4000</scale>
      </column>
      <column columnName="MonthlySurveyId">
        <datatype>integer</datatype>
        <columnTitle>Monthly Survey Id</columnTitle>
        <rangeURI>http://www.w3.org/2001/XMLSchema#int</rangeURI>
        <fk>
          <fkDbSchema>lists</fkDbSchema>
          <fkTable>MonthlySurvey</fkTable>
          <fkColumnName>Key</fkColumnName>
        </fk>
      </column>
    </columns>
    <pkColumnName>Key</pkColumnName>
  </table>
</tables>